file,trick,source,source_url,page_url,license,author,width,height,duration,fps,title
videos/pull_up/commons_Get_Fit-_Proper_Pull-Up_Technique_Marine_Corps_Air_Station_I.mp4,pull_up,wikimedia_commons,https://upload.wikimedia.org/wikipedia/commons/5/5f/Get_Fit-_Proper_Pull-Up_Technique%2C_Marine_Corps_Air_Station%2C_Iwakuni%2C_Japan_2026_%28FIT%29_%281017403%29.webm?utm_source=commons.wikimedia.org&utm_campaign=imageinfo&utm_content=original,"https://commons.wikimedia.org/wiki/File:Get_Fit-_Proper_Pull-Up_Technique,_Marine_Corps_Air_Station,_Iwakuni,_Japan_2026_(FIT)_(1017403).webm",Public domain,OptimusPrimeBot,1920,1080,60.0,29.97,"File:Get Fit- Proper Pull-Up Technique, Marine Corps Air Station, Iwakuni, Japan 2026 (FIT) (1017403).webm"
videos/pull_up/commons_Navy-seal-buds-training-pull-ups.mp4,pull_up,wikimedia_commons,https://upload.wikimedia.org/wikipedia/commons/f/fc/Navy-seal-buds-training-pull-ups.ogv?utm_source=commons.wikimedia.org&utm_campaign=imageinfo&utm_content=original,https://commons.wikimedia.org/wiki/File:Navy-seal-buds-training-pull-ups.ogv,Public domain,Slick-o-bot,720,480,96.9,29.97,File:Navy-seal-buds-training-pull-ups.ogv
videos/muscle_up/youtube_IvJtx3NaKew.mp4,muscle_up,youtube_cc,https://www.youtube.com/watch?v=IvJtx3NaKew,https://www.youtube.com/watch?v=IvJtx3NaKew,Creative Commons Attribution license (reuse allowed),My Outcast State,1280,720,106.0,25.0,Muscle-up Progression at Melbourne Calisthenics
videos/muscle_up/youtube_BHXSLUkIQkQ.mp4,muscle_up,youtube_cc,https://www.youtube.com/watch?v=BHXSLUkIQkQ,https://www.youtube.com/watch?v=BHXSLUkIQkQ,Creative Commons Attribution license (reuse allowed),My Outcast State,1280,720,11.7,25.0,Bar Swing and Muscle up at Melbourne Calisthenics
videos/dip/youtube_UQEVOSyEogE.mp4,dip,youtube_cc,https://www.youtube.com/watch?v=UQEVOSyEogE,https://www.youtube.com/watch?v=UQEVOSyEogE,Creative Commons Attribution license (reuse allowed),Italo Calisthenics ,1280,720,18.8,30.0,How to do parallel bar dips
videos/dip/youtube_Hrt3McyGjpQ.mp4,dip,youtube_cc,https://www.youtube.com/watch?v=Hrt3McyGjpQ,https://www.youtube.com/watch?v=Hrt3McyGjpQ,Creative Commons Attribution license (reuse allowed),BodY-ProoF Calisthenics (Martin Kocken),1280,720,47.8,30.0,Dips Regular - Beginner
videos/push_up/youtube_3nnzOvAAbP8.mp4,push_up,youtube_cc,https://www.youtube.com/watch?v=3nnzOvAAbP8,https://www.youtube.com/watch?v=3nnzOvAAbP8,Creative Commons Attribution license (reuse allowed),Barbell Logic,1280,720,35.1,23.98,Push Up Correct Form: Gym Shorts
videos/push_up/youtube_GmH2UfFBrN8.mp4,push_up,youtube_cc,https://www.youtube.com/watch?v=GmH2UfFBrN8,https://www.youtube.com/watch?v=GmH2UfFBrN8,Creative Commons Attribution license (reuse allowed),USNavySEALSWCC,720,480,110.2,29.97,Navy SEAL BUD/s Training | Push Ups
videos/push_up/youtube_l02EZAm-qn0.mp4,push_up,youtube_cc,https://www.youtube.com/watch?v=l02EZAm-qn0,https://www.youtube.com/watch?v=l02EZAm-qn0,Creative Commons Attribution license (reuse allowed),Colossus Fitness,1280,720,142.3,24.0,Diamond Pushups Explained (Most People Do These Wrong)
videos/push_up/youtube_zfEqoLnoTCc.mp4,push_up,youtube_cc,https://www.youtube.com/watch?v=zfEqoLnoTCc,https://www.youtube.com/watch?v=zfEqoLnoTCc,Creative Commons Attribution license (reuse allowed),Dan Phoenix,1280,720,208.1,12.5,Push Up Progression To A Full Push Up - Calisthenics Tutorial
videos/squat/youtube_CdjFLWq-yFk.mp4,squat,youtube_cc,https://www.youtube.com/watch?v=CdjFLWq-yFk,https://www.youtube.com/watch?v=CdjFLWq-yFk,Creative Commons Attribution license (reuse allowed),School of Calisthenics,1280,720,227.9,25.0,Challenge Tuesday #66 - Pistol Transitions | School of Calisthenics
videos/squat/youtube_Wl1lSJ7fCdU.mp4,squat,youtube_cc,https://www.youtube.com/watch?v=Wl1lSJ7fCdU,https://www.youtube.com/watch?v=Wl1lSJ7fCdU,Creative Commons Attribution license (reuse allowed),Italo Calisthenics ,1280,720,231.8,24.0,Advanced Squats (CALISTHENICS)
videos/squat/youtube_u_7BwqHmv-g.mp4,squat,youtube_cc,https://www.youtube.com/watch?v=u_7BwqHmv-g,https://www.youtube.com/watch?v=u_7BwqHmv-g,Creative Commons Attribution license (reuse allowed),Get Strong with Emily,1280,720,28.5,30.0,Bodyweight Squat
videos/squat/youtube_zawXRtyOTuA.mp4,squat,youtube_cc,https://www.youtube.com/watch?v=zawXRtyOTuA,https://www.youtube.com/watch?v=zawXRtyOTuA,Creative Commons Attribution license (reuse allowed),David Kimmerle,1280,720,31.9,23.98,Squat Bodyweight
videos/handstand/youtube_sm30TW8r1Yc.mp4,handstand,youtube_cc,https://www.youtube.com/watch?v=sm30TW8r1Yc,https://www.youtube.com/watch?v=sm30TW8r1Yc,Creative Commons Attribution license (reuse allowed),School of Calisthenics,1280,720,39.7,25.0,Frog to Handstand Tutorial // School of Calisthenics
videos/handstand/youtube_Fi9ykunof3k.mp4,handstand,youtube_cc,https://www.youtube.com/watch?v=Fi9ykunof3k,https://www.youtube.com/watch?v=Fi9ykunof3k,Creative Commons Attribution license (reuse allowed),School of Calisthenics,1280,720,85.3,25.0,Frog to HANDSTAND Transition HELP! [Banded] // School of Calisthenics
videos/handstand/youtube_0qjYd6GCB2k.mp4,handstand,youtube_cc,https://www.youtube.com/watch?v=0qjYd6GCB2k,https://www.youtube.com/watch?v=0qjYd6GCB2k,Creative Commons Attribution license (reuse allowed),School of Calisthenics,1280,720,192.0,25.0,Need HELP With Your TUCK Up to Handstand? [TRY THIS] // School of Calisthenics
videos/handstand/youtube_jx5AnxI3xDY.mp4,handstand,youtube_cc,https://www.youtube.com/watch?v=jx5AnxI3xDY,https://www.youtube.com/watch?v=jx5AnxI3xDY,Creative Commons Attribution license (reuse allowed),"Healthy Transformation | Cycling, Jump Rope & TRX",1280,720,155.6,29.97,HANDSTAND PUSHUP Tutorial - Explained in 3 easy to follow steps
videos/front_lever/youtube__uJMBS3i6kg.mp4,front_lever,youtube_cc,https://www.youtube.com/watch?v=_uJMBS3i6kg,https://www.youtube.com/watch?v=_uJMBS3i6kg,Creative Commons Attribution license (reuse allowed),YYC Thenics,1280,720,31.0,25.0,Back lever - Front Lever - Airwalks
videos/front_lever/youtube_RTg8r4EV0Pc.mp4,front_lever,youtube_cc,https://www.youtube.com/watch?v=RTg8r4EV0Pc,https://www.youtube.com/watch?v=RTg8r4EV0Pc,Creative Commons Attribution license (reuse allowed),FRANCO bouldering,360,640,141.1,24.0,Calisthenics Front Lever Hold | 2 Seconds
videos/front_lever/youtube_UJpP-PPsPRw.mp4,front_lever,youtube_cc,https://www.youtube.com/watch?v=UJpP-PPsPRw,https://www.youtube.com/watch?v=UJpP-PPsPRw,Creative Commons Attribution license (reuse allowed),Jiri Bajak,1280,720,20.8,24.0,Front lever raises
videos/planche/youtube_Gfmuh_P4l80.mp4,planche,youtube_cc,https://www.youtube.com/watch?v=Gfmuh_P4l80,https://www.youtube.com/watch?v=Gfmuh_P4l80,Creative Commons Attribution license (reuse allowed),El Eggs,1280,720,235.7,29.97,Planche Tutorial für Anfänger
videos/planche/youtube_D_9F7-jk1yc.mp4,planche,youtube_cc,https://www.youtube.com/watch?v=D_9F7-jk1yc,https://www.youtube.com/watch?v=D_9F7-jk1yc,Creative Commons Attribution license (reuse allowed),YYC Thenics,1280,720,71.3,60.0,How to Lift Legs on a Planche
videos/planche/youtube_tKFpAMYvDyE.mp4,planche,youtube_cc,https://www.youtube.com/watch?v=tKFpAMYvDyE,https://www.youtube.com/watch?v=tKFpAMYvDyE,Creative Commons Attribution license (reuse allowed),YYC Thenics,1280,720,142.2,29.97,PLANCHE UNLOCKED - TRY THIS!
videos/planche/youtube_bx4HWhIIgd4.mp4,planche,youtube_cc,https://www.youtube.com/watch?v=bx4HWhIIgd4,https://www.youtube.com/watch?v=bx4HWhIIgd4,Creative Commons Attribution license (reuse allowed),YYC Thenics,1280,720,64.9,60.0,FULL PLANCHE ROUTINE - How to Strength Gain with Planche
videos/back_lever/youtube_raAQB7ad24s.mp4,back_lever,youtube_cc,https://www.youtube.com/watch?v=raAQB7ad24s,https://www.youtube.com/watch?v=raAQB7ad24s,Creative Commons Attribution license (reuse allowed),Jiri Bajak,1280,720,14.9,24.0,Back lever
videos/human_flag/youtube_S62I0HUOb68.mp4,human_flag,youtube_cc,https://www.youtube.com/watch?v=S62I0HUOb68,https://www.youtube.com/watch?v=S62I0HUOb68,Creative Commons Attribution license (reuse allowed),El Eggs,1280,720,36.2,29.97,the real Capture the Flag
videos/human_flag/youtube_lWzRazVfXNI.mp4,human_flag,youtube_cc,https://www.youtube.com/watch?v=lWzRazVfXNI,https://www.youtube.com/watch?v=lWzRazVfXNI,Creative Commons Attribution license (reuse allowed),Георгий Завадский,1280,720,68.5,29.97,Флаги на пилоне (FLAGS ON POLE)
videos/human_flag/youtube_gBxuld1R4jI.mp4,human_flag,youtube_cc,https://www.youtube.com/watch?v=gBxuld1R4jI,https://www.youtube.com/watch?v=gBxuld1R4jI,Creative Commons Attribution license (reuse allowed),El Eggs,1280,720,49.7,29.97,Human Flag Record El Eggs
videos/back_lever/youtube_1XeItecO3ZM.mp4,back_lever,youtube_cc,https://www.youtube.com/watch?v=1XeItecO3ZM,https://www.youtube.com/watch?v=1XeItecO3ZM,Creative Commons Attribution license (reuse allowed),PE Guide,406,720,11.2,30.0,"Back Lever ✨Hard work, Patience....."
videos/pull_up/youtube_-O0AH_ohf-U.mp4,pull_up,youtube_cc,https://www.youtube.com/watch?v=-O0AH_ohf-U,https://www.youtube.com/watch?v=-O0AH_ohf-U,Creative Commons Attribution license (reuse allowed),Colossus Fitness,1280,720,200.4,29.97,Why You’re Stuck at Pull-Ups (Fix This Today)
videos/pull_up/youtube_ScAYp-Gik_E.mp4,pull_up,youtube_cc,https://www.youtube.com/watch?v=ScAYp-Gik_E,https://www.youtube.com/watch?v=ScAYp-Gik_E,Creative Commons Attribution license (reuse allowed),USNavySEALSWCC,720,480,97.0,29.97,Navy SEAL BUD/s Training | Pull Ups
videos/front_lever/youtube_aTAfTF5gTOQ.mp4,front_lever,youtube_cc,https://www.youtube.com/watch?v=aTAfTF5gTOQ,https://www.youtube.com/watch?v=aTAfTF5gTOQ,Creative Commons Attribution license (reuse allowed),Daniel Daya,1280,720,269.0,29.97,Front Lever lernen in 3 Einfachen Schritten - Die härteste Bauch Übung
videos/human_flag/youtube__jgdKns5E-s.mp4,human_flag,youtube_cc,https://www.youtube.com/watch?v=_jgdKns5E-s,https://www.youtube.com/watch?v=_jgdKns5E-s,Creative Commons Attribution license (reuse allowed),School of Calisthenics,1280,720,392.3,25.0,Learn How To Human Flag In 5 Steps | School of Calisthenics
videos/back_lever/youtube_EZQ3vhF8LM8.mp4,back_lever,youtube_cc,https://www.youtube.com/watch?v=EZQ3vhF8LM8,https://www.youtube.com/watch?v=EZQ3vhF8LM8,Creative Commons Attribution license (reuse allowed),Eliauser,1280,720,441.8,60.0,Back Lever: Push or Pull? (99% Get This Wrong!)
videos/back_lever/youtube_Fg--0yrcdes.mp4,back_lever,youtube_cc,https://www.youtube.com/watch?v=Fg--0yrcdes,https://www.youtube.com/watch?v=Fg--0yrcdes,Creative Commons Attribution license (reuse allowed),Jonathan Huliaros ,1280,720,267.6,25.0,Back lever Tutorial ( progressions +training hacks +Recommended routine)
videos/bench_press/youtube_5kyLUGVq_pk.mp4,bench_press,youtube_cc,https://www.youtube.com/watch?v=5kyLUGVq_pk,https://www.youtube.com/watch?v=5kyLUGVq_pk,Creative Commons Attribution license (reuse allowed),Colossus Fitness,1280,720,137.1,23.98,How to PROPERLY Incline Barbell Bench Press (FIX YOUR FORM NOW)
videos/barbell_squat/youtube_mWMf8DS_efA.mp4,barbell_squat,youtube_cc,https://www.youtube.com/watch?v=mWMf8DS_efA,https://www.youtube.com/watch?v=mWMf8DS_efA,Creative Commons Attribution license (reuse allowed),Eddie Hodges,640,480,25.8,17.54,615 Back Squat
videos/barbell_squat/youtube_jHnQZ80Dhfg.mp4,barbell_squat,youtube_cc,https://www.youtube.com/watch?v=jHnQZ80Dhfg,https://www.youtube.com/watch?v=jHnQZ80Dhfg,Creative Commons Attribution license (reuse allowed),Physique Development,1280,720,37.6,29.97,Barbell Back Squat | Execution Series | PhysiqueDevelopment.com
videos/barbell_squat/youtube_0df2my-cswQ.mp4,barbell_squat,youtube_cc,https://www.youtube.com/watch?v=0df2my-cswQ,https://www.youtube.com/watch?v=0df2my-cswQ,Creative Commons Attribution license (reuse allowed),Mind Pump Show,1280,720,163.5,29.97,Are Dumbbells Squats Effective For Training Your Quads?
videos/barbell_squat/youtube_qm3W6f129lw.mp4,barbell_squat,youtube_cc,https://www.youtube.com/watch?v=qm3W6f129lw,https://www.youtube.com/watch?v=qm3W6f129lw,Creative Commons Attribution license (reuse allowed),Physique Development,1280,720,98.5,29.97,Fix Your Hip Dominant Back Squat | Form Tips for More Quad Focus
videos/barbell_squat/youtube_SvdRQrWoJhs.mp4,barbell_squat,youtube_cc,https://www.youtube.com/watch?v=SvdRQrWoJhs,https://www.youtube.com/watch?v=SvdRQrWoJhs,Creative Commons Attribution license (reuse allowed),YOGABODY,360,640,76.9,25.0,Can't squat? Try this
videos/deadlift/youtube_VDG3ka4lPp8.mp4,deadlift,youtube_cc,https://www.youtube.com/watch?v=VDG3ka4lPp8,https://www.youtube.com/watch?v=VDG3ka4lPp8,Creative Commons Attribution license (reuse allowed),Get Strong with Emily,1280,720,15.5,29.97,How to do a Deadlift with a Water Jug
videos/deadlift/youtube_g0vuqCCmObE.mp4,deadlift,youtube_cc,https://www.youtube.com/watch?v=g0vuqCCmObE,https://www.youtube.com/watch?v=g0vuqCCmObE,Creative Commons Attribution license (reuse allowed),Ace Jumper,1280,720,54.8,29.97,Hugh Jackman workout - deadlift training 2014
videos/deadlift/youtube_N6zs7QLh5RA.mp4,deadlift,youtube_cc,https://www.youtube.com/watch?v=N6zs7QLh5RA,https://www.youtube.com/watch?v=N6zs7QLh5RA,Creative Commons Attribution license (reuse allowed),Fitness Volt,1280,720,50.6,59.94,The Deadlift Exercise Guide! #deadlift #exercise #guide
videos/deadlift/youtube_USpmiOk61Ek.mp4,deadlift,youtube_cc,https://www.youtube.com/watch?v=USpmiOk61Ek,https://www.youtube.com/watch?v=USpmiOk61Ek,Creative Commons Attribution license (reuse allowed),Barbell Logic,1280,720,134.2,23.98,How To: Romanian Deadlift vs Straight Leg Deadlift
videos/deadlift/youtube_yC9QdRA3Z2U.mp4,deadlift,youtube_cc,https://www.youtube.com/watch?v=yC9QdRA3Z2U,https://www.youtube.com/watch?v=yC9QdRA3Z2U,Creative Commons Attribution license (reuse allowed),ExperienceLifeMag,1280,720,12.7,23.98,The Happy-Hamstrings Workout: Single-Leg Deadlift
videos/deadlift/youtube__4U_5JO3oiE.mp4,deadlift,youtube_cc,https://www.youtube.com/watch?v=_4U_5JO3oiE,https://www.youtube.com/watch?v=_4U_5JO3oiE,Creative Commons Attribution license (reuse allowed),Avid Fitness,1280,720,52.6,25.0,Cable Deadlift
videos/deadlift/youtube_QLRZSxP3jIQ.mp4,deadlift,youtube_cc,https://www.youtube.com/watch?v=QLRZSxP3jIQ,https://www.youtube.com/watch?v=QLRZSxP3jIQ,Creative Commons Attribution license (reuse allowed),Get Strong with Emily,1280,720,72.6,50.0,How to do a Deadlift to Overhead Press
videos/muscle_up/youtube_GZpSonEJH-4.mp4,muscle_up,youtube_cc,https://www.youtube.com/watch?v=GZpSonEJH-4,https://www.youtube.com/watch?v=GZpSonEJH-4,Creative Commons Attribution license (reuse allowed),My Outcast State,1280,720,48.7,30.0,Muscle-up Progression at Melbourne Calisthenics
videos/muscle_up/youtube_MsmvBlyxlO4.mp4,muscle_up,youtube_cc,https://www.youtube.com/watch?v=MsmvBlyxlO4,https://www.youtube.com/watch?v=MsmvBlyxlO4,Creative Commons Attribution license (reuse allowed),Calisthenics Larry,1280,720,64.7,30.0,Can you practice band assisted bar muscle ups and ring muscle ups at the same time?
videos/muscle_up/youtube_UDzoojVcbvY.mp4,muscle_up,youtube_cc,https://www.youtube.com/watch?v=UDzoojVcbvY,https://www.youtube.com/watch?v=UDzoojVcbvY,Creative Commons Attribution license (reuse allowed),"Healthy Transformation | Cycling, Jump Rope & TRX",1280,720,172.1,30.0,How To do a MUSCLE UP in 3 Easy Steps
videos/pull_up/youtube_PKsKcvDfLCQ.mp4,pull_up,youtube_cc,https://www.youtube.com/watch?v=PKsKcvDfLCQ,https://www.youtube.com/watch?v=PKsKcvDfLCQ,Creative Commons Attribution license (reuse allowed),Aulip,1280,720,60.1,30.0,Mid Bulk Max Pull Ups Attempt
videos/pull_up/youtube_VXYkxmjqnpM.mp4,pull_up,youtube_cc,https://www.youtube.com/watch?v=VXYkxmjqnpM,https://www.youtube.com/watch?v=VXYkxmjqnpM,Creative Commons Attribution license (reuse allowed),Calisthenics Larry,1280,720,101.4,30.0,How to correct bad pull-up methods
videos/pull_up/youtube_8NgfUwPT16o.mp4,pull_up,youtube_cc,https://www.youtube.com/watch?v=8NgfUwPT16o,https://www.youtube.com/watch?v=8NgfUwPT16o,Creative Commons Attribution license (reuse allowed),Dose of Fitness,1280,720,108.9,30.0,PULL UPS FOR BEGINNERS | From 0 to 100 at Home Pull Ups
videos/dip/youtube_MDDqsoXzAR8.mp4,dip,youtube_cc,https://www.youtube.com/watch?v=MDDqsoXzAR8,https://www.youtube.com/watch?v=MDDqsoXzAR8,Creative Commons Attribution license (reuse allowed),1Bodybuilding guide,1280,720,145.8,30.0,How To  Dip  Learn The Differences Between Targeting Your Chest Or Triceps
videos/dip/youtube_Z-wvp8ZjvHY.mp4,dip,youtube_cc,https://www.youtube.com/watch?v=Z-wvp8ZjvHY,https://www.youtube.com/watch?v=Z-wvp8ZjvHY,Creative Commons Attribution license (reuse allowed),Klassen Exercise,1280,720,124.4,29.97,CABLE CHEST DIPS - Easy Exercise Tutorial
videos/dip/youtube_ZWMNnuFhX6k.mp4,dip,youtube_cc,https://www.youtube.com/watch?v=ZWMNnuFhX6k,https://www.youtube.com/watch?v=ZWMNnuFhX6k,Creative Commons Attribution license (reuse allowed),كلام عرب,1280,720,20.1,25.0,Exercises Triceps : Machine Parallel Bars Dip
videos/push_up/youtube_62x-4qKAq5o.mp4,push_up,youtube_cc,https://www.youtube.com/watch?v=62x-4qKAq5o,https://www.youtube.com/watch?v=62x-4qKAq5o,Creative Commons Attribution license (reuse allowed),Squad Fitness,1280,720,21.2,30.0,Wing pushup
videos/push_up/youtube_BbDcMfu-i4w.mp4,push_up,youtube_cc,https://www.youtube.com/watch?v=BbDcMfu-i4w,https://www.youtube.com/watch?v=BbDcMfu-i4w,Creative Commons Attribution license (reuse allowed),P4P WORKOUTS ,1280,720,47.5,25.0,Home chest exercise: Push Up
videos/push_up/youtube_Cb4avXaM6kM.mp4,push_up,youtube_cc,https://www.youtube.com/watch?v=Cb4avXaM6kM,https://www.youtube.com/watch?v=Cb4avXaM6kM,Creative Commons Attribution license (reuse allowed),Boyce Bros,1280,720,42.8,25.0,Close Grip Push Up
videos/knee_raise/youtube_3gigiE2iuiA.mp4,knee_raise,youtube_cc,https://www.youtube.com/watch?v=3gigiE2iuiA,https://www.youtube.com/watch?v=3gigiE2iuiA,Creative Commons Attribution license (reuse allowed),David Kimmerle,1280,720,29.9,23.98,Knee Raise Dip Bar
videos/knee_raise/youtube_w8a_QnNjU14.mp4,knee_raise,youtube_cc,https://www.youtube.com/watch?v=w8a_QnNjU14,https://www.youtube.com/watch?v=w8a_QnNjU14,Creative Commons Attribution license (reuse allowed),David Kimmerle,1280,720,28.4,23.98,Hanging Knee Raise Alternating Sides
videos/knee_raise/youtube_mSWOjuFH9kU.mp4,knee_raise,youtube_cc,https://www.youtube.com/watch?v=mSWOjuFH9kU,https://www.youtube.com/watch?v=mSWOjuFH9kU,Creative Commons Attribution license (reuse allowed),Get Strong with Emily,1280,720,72.5,30.0,How to do a Hanging Leg Raise with Bent Knees
videos/knee_raise/youtube_fOlBO3CG4cI.mp4,knee_raise,youtube_cc,https://www.youtube.com/watch?v=fOlBO3CG4cI,https://www.youtube.com/watch?v=fOlBO3CG4cI,Creative Commons Attribution license (reuse allowed),Il Coach ti segue,1280,720,14.9,50.0,Knee Raises
videos/knee_raise/youtube_C0RXOvy609I.mp4,knee_raise,youtube_cc,https://www.youtube.com/watch?v=C0RXOvy609I,https://www.youtube.com/watch?v=C0RXOvy609I,Creative Commons Attribution license (reuse allowed),BodY-ProoF Calisthenics (Martin Kocken),1280,720,53.8,30.0,Hanging Knee Raises - Beginner
videos/knee_raise/youtube_5KD7E0JPczo.mp4,knee_raise,youtube_cc,https://www.youtube.com/watch?v=5KD7E0JPczo,https://www.youtube.com/watch?v=5KD7E0JPczo,Creative Commons Attribution license (reuse allowed),Gabi Mastragostino,1280,720,25.1,29.92,Elevación de rodillas isométrica colgado // Hanging knee Raise iso hold
videos/knee_raise/youtube_KqUMAIQn0K8.mp4,knee_raise,youtube_cc,https://www.youtube.com/watch?v=KqUMAIQn0K8,https://www.youtube.com/watch?v=KqUMAIQn0K8,Creative Commons Attribution license (reuse allowed),Tara Garrison,1280,720,23.3,60.0,Hanging Leg Raise Exercise Demo
videos/knee_raise/youtube_fMaUOQpniLE.mp4,knee_raise,youtube_cc,https://www.youtube.com/watch?v=fMaUOQpniLE,https://www.youtube.com/watch?v=fMaUOQpniLE,Creative Commons Attribution license (reuse allowed),David Kimmerle,1280,720,29.8,23.98,Roman Chair Leg Raise
videos/knee_raise/youtube_K15s39PRFqg.mp4,knee_raise,youtube_cc,https://www.youtube.com/watch?v=K15s39PRFqg,https://www.youtube.com/watch?v=K15s39PRFqg,Creative Commons Attribution license (reuse allowed),Peerless Athletics,854,480,31.3,29.97,435. Hanging Knee Raise
videos/knee_raise/youtube_GSOfcbwbd-g.mp4,knee_raise,youtube_cc,https://www.youtube.com/watch?v=GSOfcbwbd-g,https://www.youtube.com/watch?v=GSOfcbwbd-g,Creative Commons Attribution license (reuse allowed),Avid Fitness,1280,720,54.9,29.97,Hanging Leg Raises & Toes to Bar
videos/handstand/youtube__d7rjA0r7TM.mp4,handstand,youtube_cc,https://www.youtube.com/watch?v=_d7rjA0r7TM,https://www.youtube.com/watch?v=_d7rjA0r7TM,Creative Commons Attribution license (reuse allowed),Move With T,1280,720,104.9,30.0,How To Recover From A Handstand
videos/front_lever/youtube_HkdFu1fZ8tY.mp4,front_lever,youtube_cc,https://www.youtube.com/watch?v=HkdFu1fZ8tY,https://www.youtube.com/watch?v=HkdFu1fZ8tY,Creative Commons Attribution license (reuse allowed),Evolve To Fit,1280,720,34.9,30.0,Front Lever Progressions
videos/front_lever/youtube_zwXABzdQaLM.mp4,front_lever,youtube_cc,https://www.youtube.com/watch?v=zwXABzdQaLM,https://www.youtube.com/watch?v=zwXABzdQaLM,Creative Commons Attribution license (reuse allowed),KODINEG,1280,720,165.1,29.97,FRONT LEVER HYSTERIA 3 | Street Workout & Calisthenics [JUST DRIVE]
videos/front_lever/youtube_pokSDgHiLng.mp4,front_lever,youtube_cc,https://www.youtube.com/watch?v=pokSDgHiLng,https://www.youtube.com/watch?v=pokSDgHiLng,Creative Commons Attribution license (reuse allowed),KODINEG,1280,720,135.0,29.97,FRONT LEVER HYSTERIA | Street Workout & Calisthenics [Undercover]
videos/planche/youtube__-xYflyYgqw.mp4,planche,youtube_cc,https://www.youtube.com/watch?v=_-xYflyYgqw,https://www.youtube.com/watch?v=_-xYflyYgqw,Creative Commons Attribution license (reuse allowed),YYC Thenics,1280,720,117.8,60.0,How to FULL PLANCHE PREP WORKOUT #PlancheTraining #Calisthenics
videos/planche/youtube_0IG-FXZ4jQw.mp4,planche,youtube_cc,https://www.youtube.com/watch?v=0IG-FXZ4jQw,https://www.youtube.com/watch?v=0IG-FXZ4jQw,Creative Commons Attribution license (reuse allowed),KODINEG,1280,720,137.6,29.97,PLANCHE HYSTERIA 4 | Street Workout & Calisthenics [NRG]
videos/back_lever/youtube_3Kl1atdIQJw.mp4,back_lever,youtube_cc,https://www.youtube.com/watch?v=3Kl1atdIQJw,https://www.youtube.com/watch?v=3Kl1atdIQJw,Creative Commons Attribution license (reuse allowed),Evolve To Fit,1280,720,54.8,30.0,Back Lever- Negative
videos/human_flag/youtube_PN8yJTq5y1o.mp4,human_flag,youtube_cc,https://www.youtube.com/watch?v=PN8yJTq5y1o,https://www.youtube.com/watch?v=PN8yJTq5y1o,Creative Commons Attribution license (reuse allowed),Barstylers Skomoroshki,1280,720,13.5,23.98,Normative #30. Human flag
videos/human_flag/youtube_VsEp6Ef9sBY.mp4,human_flag,youtube_cc,https://www.youtube.com/watch?v=VsEp6Ef9sBY,https://www.youtube.com/watch?v=VsEp6Ef9sBY,Creative Commons Attribution license (reuse allowed),Darious Zienzis,1280,720,20.0,29.97,"hstp,human flag"
videos/bench_press/youtube__y0ScewgSCM.mp4,bench_press,youtube_cc,https://www.youtube.com/watch?v=_y0ScewgSCM,https://www.youtube.com/watch?v=_y0ScewgSCM,Creative Commons Attribution license (reuse allowed),Pannell Performance Group,1280,720,119.1,24.0,Bench Press Form: Fix These Common Mistakes to Lift Stronger and Safer
videos/bench_press/youtube_mxptMnF6siM.mp4,bench_press,youtube_cc,https://www.youtube.com/watch?v=mxptMnF6siM,https://www.youtube.com/watch?v=mxptMnF6siM,Creative Commons Attribution license (reuse allowed),MBP TV,1280,720,132.2,29.97,♦️ How to Bench Press - Demo & Tutorial on Proper Form | Sports Training in San Francisco Bay Area
videos/bench_press/youtube_zgP-UCKGe24.mp4,bench_press,youtube_cc,https://www.youtube.com/watch?v=zgP-UCKGe24,https://www.youtube.com/watch?v=zgP-UCKGe24,Creative Commons Attribution license (reuse allowed),Colossus Fitness,1280,720,147.2,23.98,How to PROPERLY Chest Press Machine Press (LEARN FAST)
videos/pistol_squat/youtube_LPSoVmJJl5E.mp4,pistol_squat,youtube_cc,https://www.youtube.com/watch?v=LPSoVmJJl5E,https://www.youtube.com/watch?v=LPSoVmJJl5E,Creative Commons Attribution license (reuse allowed),Physio REHAB,1280,720,60.6,29.97,Using a TRX to Increase Depth in a Pistol Squat | Feat. Tim Keeley | No.201 | Physio REHAB
videos/pistol_squat/youtube_YSqFCuLQrg8.mp4,pistol_squat,youtube_cc,https://www.youtube.com/watch?v=YSqFCuLQrg8,https://www.youtube.com/watch?v=YSqFCuLQrg8,Creative Commons Attribution license (reuse allowed),Hybrid Fitness,1280,720,52.6,29.97,Ring Pistol Squat
videos/pistol_squat/youtube_BrZQ1HqpJGQ.mp4,pistol_squat,youtube_cc,https://www.youtube.com/watch?v=BrZQ1HqpJGQ,https://www.youtube.com/watch?v=BrZQ1HqpJGQ,Creative Commons Attribution license (reuse allowed),Flow Athletics,1280,720,15.9,29.97,Struggling with One Legged Squat? Try the Pistol Squat w/ Assist - Advanced Bodyweight Fitness
videos/pistol_squat/youtube_HKJraiEXh4k.mp4,pistol_squat,youtube_cc,https://www.youtube.com/watch?v=HKJraiEXh4k,https://www.youtube.com/watch?v=HKJraiEXh4k,Creative Commons Attribution license (reuse allowed),Gold's Gym British Columbia,1280,720,40.7,23.98,Pistol Squat
videos/pistol_squat/youtube_QNKrVCRDC58.mp4,pistol_squat,youtube_cc,https://www.youtube.com/watch?v=QNKrVCRDC58,https://www.youtube.com/watch?v=QNKrVCRDC58,Creative Commons Attribution license (reuse allowed),Olymp'Fit,1280,720,152.3,25.0,PISTOL SQUAT : Les exercices de progression pour le maîtriser ! (Squat d'une jambe)
videos/pistol_squat/youtube_wPBlwF93qI4.mp4,pistol_squat,youtube_cc,https://www.youtube.com/watch?v=wPBlwF93qI4,https://www.youtube.com/watch?v=wPBlwF93qI4,Creative Commons Attribution license (reuse allowed),Wellman Wellness Training,360,640,115.0,29.97,Plyo box or bench one leg pistol squat with KB or DB drill
videos/pistol_squat/youtube_twHMDK-q3go.mp4,pistol_squat,youtube_cc,https://www.youtube.com/watch?v=twHMDK-q3go,https://www.youtube.com/watch?v=twHMDK-q3go,Creative Commons Attribution license (reuse allowed),Il Coach ti segue,1280,720,16.0,50.0,Il Pistol Squat ( one leg squat )
videos/pistol_squat/youtube_Xkha2COy00o.mp4,pistol_squat,youtube_cc,https://www.youtube.com/watch?v=Xkha2COy00o,https://www.youtube.com/watch?v=Xkha2COy00o,Creative Commons Attribution license (reuse allowed),Juanje Ojeda,640,480,42.1,30.0,Pistol squats (con la rodilla mala)
videos/muscle_up/youtube_OS5XVjmSOfE.mp4,muscle_up,youtube_cc,https://www.youtube.com/watch?v=OS5XVjmSOfE,https://www.youtube.com/watch?v=OS5XVjmSOfE,Creative Commons Attribution license (reuse allowed),Athletic Standard,640,360,8.5,29.97,Stall bars Muscle-up attempt (failed)
videos/pull_up/youtube_yR0N5blGZng.mp4,pull_up,youtube_cc,https://www.youtube.com/watch?v=yR0N5blGZng,https://www.youtube.com/watch?v=yR0N5blGZng,Creative Commons Attribution license (reuse allowed),BodY-ProoF Calisthenics (Martin Kocken),1280,720,45.9,30.0,In & Out Pullup with Band - Beginner
videos/pull_up/youtube_3_I57g2kn3g.mp4,pull_up,youtube_cc,https://www.youtube.com/watch?v=3_I57g2kn3g,https://www.youtube.com/watch?v=3_I57g2kn3g,Creative Commons Attribution license (reuse allowed),District 13 Gym,1280,720,31.6,29.97,Strict Pull-up Protracted
videos/pull_up/youtube_GdyhjXlxE-U.mp4,pull_up,youtube_cc,https://www.youtube.com/watch?v=GdyhjXlxE-U,https://www.youtube.com/watch?v=GdyhjXlxE-U,Creative Commons Attribution license (reuse allowed),Colossus Fitness,1280,720,165.5,24.0,How To PROPERLY Inverted Row For Muscle Gain
videos/push_up/youtube_iHX1EjfAJGE.mp4,push_up,youtube_cc,https://www.youtube.com/watch?v=iHX1EjfAJGE,https://www.youtube.com/watch?v=iHX1EjfAJGE,Creative Commons Attribution license (reuse allowed),Taecaliso Health Haven ,1280,720,25.6,59.94,💪Perfect Form Of Push Ups ll How to do push-ups. 💯
videos/squat/youtube_ZSp8x-twJAs.mp4,squat,youtube_cc,https://www.youtube.com/watch?v=ZSp8x-twJAs,https://www.youtube.com/watch?v=ZSp8x-twJAs,Creative Commons Attribution license (reuse allowed),Calisthenics Larry,1280,720,53.5,30.0,Beginner level pistol squat practice
videos/squat/youtube_DHpYd8cvc3M.mp4,squat,youtube_cc,https://www.youtube.com/watch?v=DHpYd8cvc3M,https://www.youtube.com/watch?v=DHpYd8cvc3M,Creative Commons Attribution license (reuse allowed),Amanda King,1280,720,27.2,23.98,How to do: PISTOL SQUAT
videos/knee_raise/youtube_2bsS-LzNJyQ.mp4,knee_raise,youtube_cc,https://www.youtube.com/watch?v=2bsS-LzNJyQ,https://www.youtube.com/watch?v=2bsS-LzNJyQ,Creative Commons Attribution license (reuse allowed),BodY-ProoF Calisthenics (Martin Kocken),1280,720,49.5,30.0,Hanging Oblique Knee Raises - Intermediate
videos/knee_raise/youtube_NqEBxvCkrgo.mp4,knee_raise,youtube_cc,https://www.youtube.com/watch?v=NqEBxvCkrgo,https://www.youtube.com/watch?v=NqEBxvCkrgo,Creative Commons Attribution license (reuse allowed),Freestocks,1280,720,6.2,29.97,Hanging Leg Raises - Free Stock Creative Commons Video
videos/handstand/youtube_exlk6d6BhKc.mp4,handstand,youtube_cc,https://www.youtube.com/watch?v=exlk6d6BhKc,https://www.youtube.com/watch?v=exlk6d6BhKc,Creative Commons Attribution license (reuse allowed),Lance Goyke,1280,720,111.4,29.97,Handstand Prep - Pike Hold
videos/front_lever/youtube_1UXt2HNtWdY.mp4,front_lever,youtube_cc,https://www.youtube.com/watch?v=1UXt2HNtWdY,https://www.youtube.com/watch?v=1UXt2HNtWdY,Creative Commons Attribution license (reuse allowed),KODINEG,1280,720,137.6,29.97,FRONT LEVER HYSTERIA 4 | Street Workout & Calisthenics [NRG]
videos/planche/youtube_JsA4f4M0WSI.mp4,planche,youtube_cc,https://www.youtube.com/watch?v=JsA4f4M0WSI,https://www.youtube.com/watch?v=JsA4f4M0WSI,Creative Commons Attribution license (reuse allowed),YYC Thenics,1280,720,75.7,50.0,3 Mistakes You're Doing - Straddle Planche
videos/planche/youtube_zl9oQyG6oHg.mp4,planche,youtube_cc,https://www.youtube.com/watch?v=zl9oQyG6oHg,https://www.youtube.com/watch?v=zl9oQyG6oHg,Creative Commons Attribution license (reuse allowed),KODINEG,1280,720,135.0,29.97,PLANCHE HYSTERIA | Street Workout & Calisthenics [Undercover]
videos/planche/youtube_q5Y60s3Ak8A.mp4,planche,youtube_cc,https://www.youtube.com/watch?v=q5Y60s3Ak8A,https://www.youtube.com/watch?v=q5Y60s3Ak8A,Creative Commons Attribution license (reuse allowed),YYC Thenics,406,720,92.4,59.94,You Should Stop If You Feel This - Full-Planche
videos/planche/youtube_I9wbS757cvM.mp4,planche,youtube_cc,https://www.youtube.com/watch?v=I9wbS757cvM,https://www.youtube.com/watch?v=I9wbS757cvM,Creative Commons Attribution license (reuse allowed),YYC Thenics,1280,720,64.7,29.97,PLANCHE HOLDS IMPROVED
videos/back_lever/youtube_pbNWv4Qxkxs.mp4,back_lever,youtube_cc,https://www.youtube.com/watch?v=pbNWv4Qxkxs,https://www.youtube.com/watch?v=pbNWv4Qxkxs,Creative Commons Attribution license (reuse allowed),Zenon,1280,720,65.1,29.97,PLANCHE AND BACK LEVER WORK
videos/deadlift/youtube_Pg67qpDYAGM.mp4,deadlift,youtube_cc,https://www.youtube.com/watch?v=Pg67qpDYAGM,https://www.youtube.com/watch?v=Pg67qpDYAGM,Creative Commons Attribution license (reuse allowed),Fitness Volt,1280,720,57.0,60.0,How to Do the Romanian Deadlift the Right Way #exercise #gym
videos/deadlift/youtube_NBR6tozmx2I.mp4,deadlift,youtube_cc,https://www.youtube.com/watch?v=NBR6tozmx2I,https://www.youtube.com/watch?v=NBR6tozmx2I,Creative Commons Attribution license (reuse allowed),Avid Fitness,1280,720,55.2,25.0,Smith Machine Romanian Deadlift
videos/deadlift/youtube_eOo-mPtCftM.mp4,deadlift,youtube_cc,https://www.youtube.com/watch?v=eOo-mPtCftM,https://www.youtube.com/watch?v=eOo-mPtCftM,Creative Commons Attribution license (reuse allowed),Fitness Volt,1280,720,79.2,30.0,How to Sumo Deadlift - Exercise Guide
videos/barbell_squat/youtube_w15R1ULoN7o.mp4,barbell_squat,youtube_cc,https://www.youtube.com/watch?v=w15R1ULoN7o,https://www.youtube.com/watch?v=w15R1ULoN7o,Creative Commons Attribution license (reuse allowed),JBFIT COACH,1280,720,27.7,30.0,Back Squat
videos/barbell_squat/youtube_kwGOKBIMpX4.mp4,barbell_squat,youtube_cc,https://www.youtube.com/watch?v=kwGOKBIMpX4,https://www.youtube.com/watch?v=kwGOKBIMpX4,Creative Commons Attribution license (reuse allowed),Team of Warriors - צוות לוחמים,1280,720,26.8,29.97,Team of Warriors - Barbell Back Squat
videos/barbell_squat/youtube_xRCEegfvlH4.mp4,barbell_squat,youtube_cc,https://www.youtube.com/watch?v=xRCEegfvlH4,https://www.youtube.com/watch?v=xRCEegfvlH4,Creative Commons Attribution license (reuse allowed),MBP TV,1280,720,39.3,23.98,♦️ Barbell Back Squat | Sports Training in San Francisco Bay Area
videos/muscle_up/youtube_lMTHFfBt2qk.mp4,muscle_up,youtube_cc,https://www.youtube.com/watch?v=lMTHFfBt2qk,https://www.youtube.com/watch?v=lMTHFfBt2qk,Creative Commons Attribution license (reuse allowed),LivingProofFitness,1280,720,139.6,60.0,How to do a muscle up on a pull up bar for beginners tutorial
videos/muscle_up/youtube_lPAqnkEfr90.mp4,muscle_up,youtube_cc,https://www.youtube.com/watch?v=lPAqnkEfr90,https://www.youtube.com/watch?v=lPAqnkEfr90,Creative Commons Attribution license (reuse allowed),WorkOutRussia,1280,720,124.9,29.97,7 exercises for better Muscle-Ups
videos/pull_up/youtube_fBi8KyT_kWo.mp4,pull_up,youtube_cc,https://www.youtube.com/watch?v=fBi8KyT_kWo,https://www.youtube.com/watch?v=fBi8KyT_kWo,Creative Commons Attribution license (reuse allowed),Keenan Bernard,1280,720,11.5,29.5,Post workout -  Weighted Pull ups
videos/pull_up/youtube_WyD2g3rANu8.mp4,pull_up,youtube_cc,https://www.youtube.com/watch?v=WyD2g3rANu8,https://www.youtube.com/watch?v=WyD2g3rANu8,Creative Commons Attribution license (reuse allowed),Sam-Elite Lifestyle,360,640,104.2,25.0,55kg weighted pullup
videos/pull_up/youtube_9ThOSC-IXVs.mp4,pull_up,youtube_cc,https://www.youtube.com/watch?v=9ThOSC-IXVs,https://www.youtube.com/watch?v=9ThOSC-IXVs,Creative Commons Attribution license (reuse allowed),Paul Yu,1280,720,94.7,30.0,I tried a weighted vest. It sucks. (weighted pull-ups)
videos/pull_up/youtube_VWxuKP6jdx0.mp4,pull_up,youtube_cc,https://www.youtube.com/watch?v=VWxuKP6jdx0,https://www.youtube.com/watch?v=VWxuKP6jdx0,Creative Commons Attribution license (reuse allowed),Now Accepting Challenges,360,640,61.1,30.0,"Day 4 of Weighted Pull-Ups: 6 Reps, Straighter Legs, and a Full Stomach! 🍗💪"
videos/dip/youtube_l4BhNHfP1j4.mp4,dip,youtube_cc,https://www.youtube.com/watch?v=l4BhNHfP1j4,https://www.youtube.com/watch?v=l4BhNHfP1j4,Creative Commons Attribution license (reuse allowed),Toowoomba Region,1280,720,80.8,25.0,Black Gully Park gym - Upright dips
videos/dip/youtube_q1TGJbbh0js.mp4,dip,youtube_cc,https://www.youtube.com/watch?v=q1TGJbbh0js,https://www.youtube.com/watch?v=q1TGJbbh0js,Creative Commons Attribution license (reuse allowed),Fitnessyard,1280,720,20.1,25.0,Triceps Exercises -- Machine Parallel Bars Dip
videos/dip/youtube_k_hb58B5jWk.mp4,dip,youtube_cc,https://www.youtube.com/watch?v=k_hb58B5jWk,https://www.youtube.com/watch?v=k_hb58B5jWk,Creative Commons Attribution license (reuse allowed),Avid Fitness,1280,720,43.9,29.97,Dip Bar Knee Tucks
videos/push_up/commons_Conditioning_Drill-_Eight_Count_T_Push-Up.mp4,push_up,wikimedia_commons,https://upload.wikimedia.org/wikipedia/commons/b/b4/Conditioning_Drill-_Eight_Count_T_Push-Up.webm?utm_source=commons.wikimedia.org&utm_campaign=imageinfo&utm_content=original,https://commons.wikimedia.org/wiki/File:Conditioning_Drill-_Eight_Count_T_Push-Up.webm,Public domain,GreenMeansGo,1920,1080,72.8,29.97,File:Conditioning Drill- Eight Count T Push-Up.webm
videos/push_up/commons_Interval_Push-ups.mp4,push_up,wikimedia_commons,https://upload.wikimedia.org/wikipedia/commons/9/98/Interval_Push-ups.webm?utm_source=commons.wikimedia.org&utm_campaign=imageinfo&utm_content=original,https://commons.wikimedia.org/wiki/File:Interval_Push-ups.webm,CC BY-SA 4.0,Taco fleur,640,480,51.5,30.0,File:Interval Push-ups.webm
videos/push_up/youtube_NX00g86tEO0.mp4,push_up,youtube_cc,https://www.youtube.com/watch?v=NX00g86tEO0,https://www.youtube.com/watch?v=NX00g86tEO0,Creative Commons Attribution license (reuse allowed),Fitnessyard,1280,720,18.0,25.0,Triceps Exercises -- Triceps Push Up
videos/push_up/youtube_OBmMRR_LRek.mp4,push_up,youtube_cc,https://www.youtube.com/watch?v=OBmMRR_LRek,https://www.youtube.com/watch?v=OBmMRR_LRek,Creative Commons Attribution license (reuse allowed),Barbell Logic,1280,720,38.6,23.98,Hand Release Push-Ups: Gym Shorts (How To)
videos/push_up/youtube_WUTSo7e0c5Q.mp4,push_up,youtube_cc,https://www.youtube.com/watch?v=WUTSo7e0c5Q,https://www.youtube.com/watch?v=WUTSo7e0c5Q,Creative Commons Attribution license (reuse allowed),Move With T,1280,720,64.6,30.0,How To Do An Incline Push Up
videos/push_up/youtube_Ogc30Y2jeh4.mp4,push_up,youtube_cc,https://www.youtube.com/watch?v=Ogc30Y2jeh4,https://www.youtube.com/watch?v=Ogc30Y2jeh4,Creative Commons Attribution license (reuse allowed),Workout,480,360,21.4,25.0,exercise Push Up for gain chest _ pectoral muscle workout.mp4.mp4
videos/push_up/youtube_ASYC3fAOOJw.mp4,push_up,youtube_cc,https://www.youtube.com/watch?v=ASYC3fAOOJw,https://www.youtube.com/watch?v=ASYC3fAOOJw,Creative Commons Attribution license (reuse allowed),FITNESS GYM TRAINING,1280,720,130.7,30.0,Push-up Pro | From Beginner to Expert | HOw To Do | @FITNESS.GYM.TRAINING
videos/squat/commons_Squat_-_exercise_demonstration_video.mp4,squat,wikimedia_commons,https://upload.wikimedia.org/wikipedia/commons/5/5c/Squat_-_exercise_demonstration_video.webm?utm_source=commons.wikimedia.org&utm_campaign=imageinfo&utm_content=original,https://commons.wikimedia.org/wiki/File:Squat_-_exercise_demonstration_video.webm,CC BY 3.0,Prototyperspective,1280,720,7.1,30.0,File:Squat - exercise demonstration video.webm
videos/squat/youtube_9WETeu96kLM.mp4,squat,youtube_cc,https://www.youtube.com/watch?v=9WETeu96kLM,https://www.youtube.com/watch?v=9WETeu96kLM,Creative Commons Attribution license (reuse allowed),El Eggs,1280,720,69.9,29.97,Wall Pistols - Challenge accepted
videos/squat/youtube_WaGplmsO4HY.mp4,squat,youtube_cc,https://www.youtube.com/watch?v=WaGplmsO4HY,https://www.youtube.com/watch?v=WaGplmsO4HY,Creative Commons Attribution license (reuse allowed),Avid Fitness,1280,720,104.6,25.0,Box Pistol Squat
videos/knee_raise/youtube_icop_Pf-jCg.mp4,knee_raise,youtube_cc,https://www.youtube.com/watch?v=icop_Pf-jCg,https://www.youtube.com/watch?v=icop_Pf-jCg,Creative Commons Attribution license (reuse allowed),Get Strong with Emily,1280,720,95.9,50.0,How to do a Hanging Leg Raise Knees Tucked Alternating Sides
videos/knee_raise/youtube_ZS0ezXM0C1M.mp4,knee_raise,youtube_cc,https://www.youtube.com/watch?v=ZS0ezXM0C1M,https://www.youtube.com/watch?v=ZS0ezXM0C1M,Creative Commons Attribution license (reuse allowed),Gold's Gym British Columbia,1280,720,48.6,23.98,Hanging Knee Tuck
videos/knee_raise/youtube_XbcCbYzDIdE.mp4,knee_raise,youtube_cc,https://www.youtube.com/watch?v=XbcCbYzDIdE,https://www.youtube.com/watch?v=XbcCbYzDIdE,Creative Commons Attribution license (reuse allowed),Coach_Nugie,640,480,11.2,30.0,Hanging leg raise for lower abs
videos/knee_raise/youtube_FUnw-dy_rtQ.mp4,knee_raise,youtube_cc,https://www.youtube.com/watch?v=FUnw-dy_rtQ,https://www.youtube.com/watch?v=FUnw-dy_rtQ,Creative Commons Attribution license (reuse allowed),Avid Fitness,1280,720,57.2,29.97,Hanging Knee Tucks
videos/knee_raise/youtube_yOyJxgwuPII.mp4,knee_raise,youtube_cc,https://www.youtube.com/watch?v=yOyJxgwuPII,https://www.youtube.com/watch?v=yOyJxgwuPII,Creative Commons Attribution license (reuse allowed),Coach Bobby Bluford,854,480,30.2,29.97,UMC (Ultimate Muscle Confusion) - Standing Side Knee Raises
videos/knee_raise/youtube_ULINjQ5TBZI.mp4,knee_raise,youtube_cc,https://www.youtube.com/watch?v=ULINjQ5TBZI,https://www.youtube.com/watch?v=ULINjQ5TBZI,Creative Commons Attribution license (reuse allowed),Henny Seroeyen,1280,720,14.3,25.0,Hanging leg raise AB workout weighted
videos/knee_raise/youtube_TcU7wtLdIx4.mp4,knee_raise,youtube_cc,https://www.youtube.com/watch?v=TcU7wtLdIx4,https://www.youtube.com/watch?v=TcU7wtLdIx4,Creative Commons Attribution license (reuse allowed),David Kimmerle,1280,720,21.7,23.98,Hanging Straight Leg Raises
videos/knee_raise/youtube_iywNfxVHev8.mp4,knee_raise,youtube_cc,https://www.youtube.com/watch?v=iywNfxVHev8,https://www.youtube.com/watch?v=iywNfxVHev8,Creative Commons Attribution license (reuse allowed),BodY-ProoF Calisthenics (Martin Kocken),1280,720,58.5,30.0,Hanging Hip Raises - Intermediate
videos/pistol_squat/youtube_MVcIa4wUl9E.mp4,pistol_squat,youtube_cc,https://www.youtube.com/watch?v=MVcIa4wUl9E,https://www.youtube.com/watch?v=MVcIa4wUl9E,Creative Commons Attribution license (reuse allowed),iyoo1,1280,716,110.8,30.0,Pistol squat archery 활쏘기 운동?
videos/pistol_squat/youtube_E-56gThZRTg.mp4,pistol_squat,youtube_cc,https://www.youtube.com/watch?v=E-56gThZRTg,https://www.youtube.com/watch?v=E-56gThZRTg,Creative Commons Attribution license (reuse allowed),THE BODY GUIDE,1280,720,7.1,59.94,TBG PISTOL SQUAT
videos/pistol_squat/youtube_xh22jSpISlA.mp4,pistol_squat,youtube_cc,https://www.youtube.com/watch?v=xh22jSpISlA,https://www.youtube.com/watch?v=xh22jSpISlA,Creative Commons Attribution license (reuse allowed),Health & Fitness,854,480,21.0,30.0,Pistol Squat Off Bench 1
videos/pistol_squat/youtube_vG0gybD89Pw.mp4,pistol_squat,youtube_cc,https://www.youtube.com/watch?v=vG0gybD89Pw,https://www.youtube.com/watch?v=vG0gybD89Pw,Creative Commons Attribution license (reuse allowed),Health & Fitness,854,480,15.7,30.0,Pistol Squat Off Bench
videos/front_lever/youtube_W9QCwWuJFKw.mp4,front_lever,youtube_cc,https://www.youtube.com/watch?v=W9QCwWuJFKw,https://www.youtube.com/watch?v=W9QCwWuJFKw,Creative Commons Attribution license (reuse allowed),Dipendra Puri,1280,720,19.4,29.97,Front Lever | Calisthenics
videos/front_lever/youtube_kepkpZlfBxQ.mp4,front_lever,youtube_cc,https://www.youtube.com/watch?v=kepkpZlfBxQ,https://www.youtube.com/watch?v=kepkpZlfBxQ,Creative Commons Attribution license (reuse allowed),Calisthenics Larry,1280,720,6.1,30.0,Typical front lever positioning
videos/planche/youtube_VoAfbpQJFeg.mp4,planche,youtube_cc,https://www.youtube.com/watch?v=VoAfbpQJFeg,https://www.youtube.com/watch?v=VoAfbpQJFeg,Creative Commons Attribution license (reuse allowed),KODINEG,1280,720,165.1,29.97,PLANCHE HYSTERIA 3 | Street Workout & Calisthenics [JUST DRIVE]
videos/planche/youtube_aUyXktCQ5UY.mp4,planche,youtube_cc,https://www.youtube.com/watch?v=aUyXktCQ5UY,https://www.youtube.com/watch?v=aUyXktCQ5UY,Creative Commons Attribution license (reuse allowed),Pedro Lobo,360,640,83.1,30.0,Can't reach the Advanced Tuck Planche?
videos/planche/youtube_NBaQGzGLnaI.mp4,planche,youtube_cc,https://www.youtube.com/watch?v=NBaQGzGLnaI,https://www.youtube.com/watch?v=NBaQGzGLnaI,Creative Commons Attribution license (reuse allowed),Reymar Mirante,960,720,40.9,24.0,tuck planche tutorial | road to full planche
videos/back_lever/youtube_X9hR_cj1ZXw.mp4,back_lever,youtube_cc,https://www.youtube.com/watch?v=X9hR_cj1ZXw,https://www.youtube.com/watch?v=X9hR_cj1ZXw,Creative Commons Attribution license (reuse allowed),Ahmed Manoo PK Workout,360,640,153.5,29.67,How to back lever.   Back lever tutorial.   تعلم  حركة الباك ليفر
videos/back_lever/youtube__nYrfGdyZXY.mp4,back_lever,youtube_cc,https://www.youtube.com/watch?v=_nYrfGdyZXY,https://www.youtube.com/watch?v=_nYrfGdyZXY,Creative Commons Attribution license (reuse allowed),Patrick Steel,1280,720,168.9,60.0,my best Back Lever Trys so far
videos/back_lever/youtube_mAtTUFxqtMk.mp4,back_lever,youtube_cc,https://www.youtube.com/watch?v=mAtTUFxqtMk,https://www.youtube.com/watch?v=mAtTUFxqtMk,Creative Commons Attribution license (reuse allowed),Patrick Steel,1280,720,100.1,25.0,"3 ""leichte"" Back Lever Anfänger Übungen, Calisthenics zu Hause trainieren"
videos/human_flag/youtube_mU4RfruoxMM.mp4,human_flag,youtube_cc,https://www.youtube.com/watch?v=mU4RfruoxMM,https://www.youtube.com/watch?v=mU4RfruoxMM,Creative Commons Attribution license (reuse allowed),Spartan Body,1280,720,41.0,29.97,Handstand / Planche / Human Flag - Sebastian Parat 03.2016
videos/human_flag/youtube_0j4YlcDODpY.mp4,human_flag,youtube_cc,https://www.youtube.com/watch?v=0j4YlcDODpY,https://www.youtube.com/watch?v=0j4YlcDODpY,Creative Commons Attribution license (reuse allowed),Jiri Bajak,1280,720,20.0,24.0,Dragon Flag
videos/human_flag/youtube_a8K7aFkaEpk.mp4,human_flag,youtube_cc,https://www.youtube.com/watch?v=a8K7aFkaEpk,https://www.youtube.com/watch?v=a8K7aFkaEpk,Creative Commons Attribution license (reuse allowed),Calisthenics Larry,1280,720,135.2,30.0,"How to practice human flag, one arm push-up and handstand push-up in one video."
videos/human_flag/youtube_rhpPUjzT8Iw.mp4,human_flag,youtube_cc,https://www.youtube.com/watch?v=rhpPUjzT8Iw,https://www.youtube.com/watch?v=rhpPUjzT8Iw,Creative Commons Attribution license (reuse allowed),Dipendra Puri,1280,720,10.0,29.97,Human Flag | The Pump | Nepal
videos/bench_press/commons_Bench_press_-_exercise_demonstration_video.mp4,bench_press,wikimedia_commons,https://upload.wikimedia.org/wikipedia/commons/d/df/Bench_press_-_exercise_demonstration_video.webm?utm_source=commons.wikimedia.org&utm_campaign=imageinfo&utm_content=original,https://commons.wikimedia.org/wiki/File:Bench_press_-_exercise_demonstration_video.webm,CC BY 3.0,Prototyperspective,1280,720,7.1,30.0,File:Bench press - exercise demonstration video.webm
videos/bench_press/commons_Video_showing_how_to_perform_the_dumbbell_bench_press_and_th.mp4,bench_press,wikimedia_commons,https://upload.wikimedia.org/wikipedia/commons/c/c0/Video_showing_how_to_perform_the_dumbbell_bench_press_and_the_dumbbell_incline_bench_press.webm?utm_source=commons.wikimedia.org&utm_campaign=imageinfo&utm_content=original,https://commons.wikimedia.org/wiki/File:Video_showing_how_to_perform_the_dumbbell_bench_press_and_the_dumbbell_incline_bench_press.webm,CC BY-SA 4.0,Gantner626,1920,1080,93.8,29.97,File:Video showing how to perform the dumbbell bench press and the dumbbell incline bench press.webm
videos/bench_press/youtube_5k_enq6vXGM.mp4,bench_press,youtube_cc,https://www.youtube.com/watch?v=5k_enq6vXGM,https://www.youtube.com/watch?v=5k_enq6vXGM,Creative Commons Attribution license (reuse allowed),Barbell Logic,1280,720,46.4,23.98,Incline Bench Press: Gym Shorts (How To)
videos/bench_press/youtube_9l9guSIjnZY.mp4,bench_press,youtube_cc,https://www.youtube.com/watch?v=9l9guSIjnZY,https://www.youtube.com/watch?v=9l9guSIjnZY,Creative Commons Attribution license (reuse allowed),P4P WORKOUTS ,1280,720,60.6,28.0,Chest Exercises: Bench Press
videos/deadlift/commons_Army_Combat_Fitness_Test-_3_Repetition_Maximum_Deadlift_MDL_.mp4,deadlift,wikimedia_commons,https://upload.wikimedia.org/wikipedia/commons/a/af/Army_Combat_Fitness_Test-_3_Repetition_Maximum_Deadlift_%28MDL%29_%28Event_1%29.webm?utm_source=commons.wikimedia.org&utm_campaign=imageinfo&utm_content=original,https://commons.wikimedia.org/wiki/File:Army_Combat_Fitness_Test-_3_Repetition_Maximum_Deadlift_(MDL)_(Event_1).webm,Public domain,GreenMeansGo,1920,1080,75.9,29.97,File:Army Combat Fitness Test- 3 Repetition Maximum Deadlift (MDL) (Event 1).webm
videos/deadlift/commons_Deadlift_-_exercise_demonstration_video.mp4,deadlift,wikimedia_commons,https://upload.wikimedia.org/wikipedia/commons/6/62/Deadlift_-_exercise_demonstration_video.webm?utm_source=commons.wikimedia.org&utm_campaign=imageinfo&utm_content=original,https://commons.wikimedia.org/wiki/File:Deadlift_-_exercise_demonstration_video.webm,CC BY 3.0,Prototyperspective,1280,720,7.4,30.0,File:Deadlift - exercise demonstration video.webm
videos/deadlift/commons_Kettlebell_Triceps_Push-up_Deadlift_Kettlebell_Combo.mp4,deadlift,wikimedia_commons,https://upload.wikimedia.org/wikipedia/commons/c/cc/Kettlebell_Triceps_Push-up_Deadlift_Kettlebell_Combo.webm?utm_source=commons.wikimedia.org&utm_campaign=imageinfo&utm_content=original,https://commons.wikimedia.org/wiki/File:Kettlebell_Triceps_Push-up_Deadlift_Kettlebell_Combo.webm,CC BY-SA 4.0,Taco fleur,1920,1080,26.8,23.98,File:Kettlebell Triceps Push-up Deadlift Kettlebell Combo.webm
videos/deadlift/youtube_z5iJbUqFRys.mp4,deadlift,youtube_cc,https://www.youtube.com/watch?v=z5iJbUqFRys,https://www.youtube.com/watch?v=z5iJbUqFRys,Creative Commons Attribution license (reuse allowed),Tara Garrison,1280,720,23.3,60.0,Kettlebell Deadlift Exercise Demo
videos/barbell_squat/youtube_5LD1NTJyL74.mp4,barbell_squat,youtube_cc,https://www.youtube.com/watch?v=5LD1NTJyL74,https://www.youtube.com/watch?v=5LD1NTJyL74,Creative Commons Attribution license (reuse allowed),Hybrid Fitness,1280,720,81.8,29.97,Barbell Back Squat
videos/barbell_squat/youtube_fqF6HRGP_o0.mp4,barbell_squat,youtube_cc,https://www.youtube.com/watch?v=fqF6HRGP_o0,https://www.youtube.com/watch?v=fqF6HRGP_o0,Creative Commons Attribution license (reuse allowed),Tara Garrison,1280,720,35.2,29.97,Barbell Back Squat
